<?xml version="1.0"?>
<!--<!DOCTYPE metadata SYSTEM "http://www.esri.com/metadata/esriprof80.dtd">-->
<metadata xml:lang="pt"><Esri><CreaDate>20190422</CreaDate><CreaTime>09083000</CreaTime><SyncOnce>FALSE</SyncOnce><SyncDate>20190222</SyncDate><SyncTime>08330800</SyncTime><ModDate>20190222</ModDate><ModTime>08330800</ModTime><DataProperties><lineage><Process Name="FeatureClassToFeatureClass_1" ToolSource="C:\ArcGIS\ArcToolbox\Toolboxes\Conversion Tools.tbx\FeatureClassToFeatureClass" Date="20190222" Time="083800">FeatureClassToFeatureClass D:\_PVG\PVG_VALORES.shp "Database Connections\ici_172.19.201.76 - GIS.sde\GIS.PVG" PVG_VALORES # "OBJECTID OBJECTID true false false 9 Long 0 9 ,First,#,D:\_PVG\PVG_VALORES.shp,OBJECTID,-1,-1;INDFISCAL INDFISCAL true false false 8 Text 0 0 ,First,#,D:\_PVG\PVG_VALORES.shp,INDFISCAL,-1,-1;INSC_IMOB INSC_IMOB true false false 13 Text 0 0 ,First,#,D:\_PVG\PVG_VALORES.shp,INSC_IMOB,-1,-1;CD_LOTEGTM CD_LOTEGTM true false false 19 Double 11 18 ,First,#,D:\_PVG\PVG_VALORES.shp,CD_LOTEGTM,-1,-1;CD_LOGRAD CD_LOGRAD true false false 10 Text 0 0 ,First,#,D:\_PVG\PVG_VALORES.shp,CD_LOGRAD,-1,-1;NM_LOGRAD NM_LOGRAD true false false 100 Text 0 0 ,First,#,D:\_PVG\PVG_VALORES.shp,NM_LOGRAD,-1,-1;NUMPREDIAL NUMPREDIAL true false false 6 Text 0 0 ,First,#,D:\_PVG\PVG_VALORES.shp,NUMPREDIAL,-1,-1;WKTR WKTR true false false 50 Text 0 0 ,First,#,D:\_PVG\PVG_VALORES.shp,WKTR,-1,-1;V2002 V2002 true false false 19 Double 11 18 ,First,#,D:\_PVG\PVG_VALORES.shp,V2002,-1,-1;V2003 V2003 true false false 19 Double 11 18 ,First,#,D:\_PVG\PVG_VALORES.shp,V2003,-1,-1;V2004 V2004 true false false 19 Double 11 18 ,First,#,D:\_PVG\PVG_VALORES.shp,V2004,-1,-1;V2005 V2005 true false false 19 Double 11 18 ,First,#,D:\_PVG\PVG_VALORES.shp,V2005,-1,-1;V2006 V2006 true false false 19 Double 11 18 ,First,#,D:\_PVG\PVG_VALORES.shp,V2006,-1,-1;V2007 V2007 true false false 19 Double 11 18 ,First,#,D:\_PVG\PVG_VALORES.shp,V2007,-1,-1;V2008 V2008 true false false 19 Double 11 18 ,First,#,D:\_PVG\PVG_VALORES.shp,V2008,-1,-1;V2009 V2009 true false false 19 Double 11 18 ,First,#,D:\_PVG\PVG_VALORES.shp,V2009,-1,-1;V2010 V2010 true false false 19 Double 11 18 ,First,#,D:\_PVG\PVG_VALORES.shp,V2010,-1,-1;V2011 V2011 true false false 19 Double 11 18 ,First,#,D:\_PVG\PVG_VALORES.shp,V2011,-1,-1;V2012 V2012 true false false 19 Double 11 18 ,First,#,D:\_PVG\PVG_VALORES.shp,V2012,-1,-1;V2013 V2013 true false false 19 Double 11 18 ,First,#,D:\_PVG\PVG_VALORES.shp,V2013,-1,-1;V2014 V2014 true false false 19 Double 11 18 ,First,#,D:\_PVG\PVG_VALORES.shp,V2014,-1,-1;V2015 V2015 true false false 19 Double 11 18 ,First,#,D:\_PVG\PVG_VALORES.shp,V2015,-1,-1;V2016 V2016 true false false 19 Double 11 18 ,First,#,D:\_PVG\PVG_VALORES.shp,V2016,-1,-1;V2017 V2017 true false false 19 Double 11 18 ,First,#,D:\_PVG\PVG_VALORES.shp,V2017,-1,-1;COORD_X COORD_X true false false 19 Double 11 18 ,First,#,D:\_PVG\PVG_VALORES.shp,COORD_X,-1,-1;COORD_Y COORD_Y true false false 19 Double 11 18 ,First,#,D:\_PVG\PVG_VALORES.shp,COORD_Y,-1,-1" # "Database Connections\ici_172.19.201.76 - GIS.sde\GIS.PVG\GIS.PVG_VALORES"</Process><Process Name="AddSpatialIndex_2" ToolSource="C:\ArcGIS\ArcToolbox\Toolboxes\Data Management Tools.tbx\AddSpatialIndex" Date="20190222" Time="084010">AddSpatialIndex "Database Connections\ici_172.19.201.76 - GIS.sde\GIS.PVG\GIS.PVG_VALORES" 46,7941775050427 0 0 "Database Connections\ici_172.19.201.76 - GIS.sde\GIS.PVG\GIS.PVG_VALORES"</Process></lineage></DataProperties><MetaID>{156DF314-3002-41C7-AA55-ADFFE0568E04}</MetaID></Esri><idinfo><native Sync="TRUE"> Version 6.2 (Build 9200) ; ESRI ArcCatalog 9.2.6.1500</native><descript><langdata Sync="TRUE">pt</langdata><abstract>REQUIRED: A brief narrative summary of the data set.</abstract><purpose>REQUIRED: A summary of the intentions with which the data set was developed.</purpose></descript><citation><citeinfo><origin>REQUIRED: The name of an organization or individual that developed the data set.</origin><pubdate>REQUIRED: The date when the data set is published or otherwise made available for release.</pubdate><title Sync="TRUE">GIS.PVG_VALORES</title><ftname Sync="TRUE">GIS.PVG_VALORES</ftname><geoform Sync="TRUE">vector digital data</geoform><onlink Sync="TRUE"></onlink></citeinfo></citation><timeperd><current>REQUIRED: The basis on which the time period of content information is determined.</current><timeinfo><sngdate><caldate>REQUIRED: The year (and optionally month, or month and day) for which the data set corresponds to the ground.</caldate></sngdate></timeinfo></timeperd><status><progress>REQUIRED: The state of the data set.</progress><update>REQUIRED: The frequency with which changes and additions are made to the data set after the initial data set is completed.</update></status><spdom><bounding><westbc Sync="TRUE">REQUIRED: Western-most coordinate of the limit of coverage expressed in longitude.</westbc><eastbc Sync="TRUE">REQUIRED: Eastern-most coordinate of the limit of coverage expressed in longitude.</eastbc><northbc Sync="TRUE">REQUIRED: Northern-most coordinate of the limit of coverage expressed in latitude.</northbc><southbc Sync="TRUE">REQUIRED: Southern-most coordinate of the limit of coverage expressed in latitude.</southbc></bounding></spdom><keywords><theme><themekt>REQUIRED: Reference to a formally registered thesaurus or a similar authoritative source of theme keywords.</themekt><themekey>REQUIRED: Common-use word or phrase used to describe the subject of the data set.</themekey></theme></keywords><accconst>REQUIRED: Restrictions and legal prerequisites for accessing the data set.</accconst><useconst>REQUIRED: Restrictions and legal prerequisites for using the data set after access is granted.</useconst><natvform Sync="TRUE">SDE Feature Class</natvform></idinfo><dataIdInfo><envirDesc Sync="TRUE"> Version 6.2 (Build 9200) ; ESRI ArcCatalog 9.2.6.1500</envirDesc><dataLang><languageCode Sync="TRUE" value="pt"></languageCode></dataLang><idCitation><resTitle Sync="TRUE">GIS.PVG_VALORES</resTitle><presForm><PresFormCd Sync="TRUE" value="005"></PresFormCd></presForm></idCitation><spatRpType><SpatRepTypCd Sync="TRUE" value="001"></SpatRepTypCd></spatRpType></dataIdInfo><metainfo><langmeta Sync="TRUE">pt</langmeta><metstdn Sync="TRUE">FGDC Content Standards for Digital Geospatial Metadata</metstdn><metstdv Sync="TRUE">FGDC-STD-001-1998</metstdv><mettc Sync="TRUE">local time</mettc><metextns><onlink Sync="TRUE">http://www.esri.com/metadata/esriprof80.html</onlink><metprof Sync="TRUE">ESRI Metadata Profile</metprof></metextns><metc><cntinfo><cntorgp><cntper>REQUIRED: The person responsible for the metadata information.</cntper><cntorg>REQUIRED: The organization responsible for the metadata information.</cntorg></cntorgp><cntaddr><addrtype>REQUIRED: The mailing and/or physical address for the organization or individual.</addrtype><city>REQUIRED: The city of the address.</city><state>REQUIRED: The state or province of the address.</state><postal>REQUIRED: The ZIP or other postal code of the address.</postal></cntaddr><cntvoice>REQUIRED: The telephone number by which individuals can speak to the organization or individual.</cntvoice></cntinfo></metc><metd Sync="TRUE">20190222</metd></metainfo><mdLang><languageCode Sync="TRUE" value="pt"></languageCode></mdLang><mdStanName Sync="TRUE">ISO 19115 Geographic Information - Metadata</mdStanName><mdStanVer Sync="TRUE">DIS_ESRI1.0</mdStanVer><mdChar><CharSetCd Sync="TRUE" value="004"></CharSetCd></mdChar><mdHrLv><ScopeCd Sync="TRUE" value="005"></ScopeCd></mdHrLv><mdHrLvName Sync="TRUE">dataset</mdHrLvName><distinfo><resdesc Sync="TRUE">Downloadable Data</resdesc></distinfo><distInfo><distributor><distorTran><onLineSrc><orDesc Sync="TRUE">002</orDesc><linkage Sync="TRUE">file://</linkage><protocol Sync="TRUE">Local Area Network</protocol></onLineSrc></distorTran><distorFormat><formatName Sync="TRUE">SDE Feature Class</formatName></distorFormat></distributor></distInfo><spdoinfo><direct Sync="TRUE">Vector</direct><ptvctinf><esriterm Name="GIS.PVG_VALORES"><efeatyp Sync="TRUE">Simple</efeatyp><efeageom Sync="TRUE">Point</efeageom><esritopo Sync="TRUE">FALSE</esritopo><efeacnt Sync="TRUE">0</efeacnt><spindex Sync="TRUE">TRUE</spindex><linrefer Sync="TRUE">FALSE</linrefer></esriterm><sdtsterm Name="GIS.PVG_VALORES"><sdtstype Sync="TRUE">Entity point</sdtstype><ptvctcnt Sync="TRUE">0</ptvctcnt></sdtsterm></ptvctinf></spdoinfo><spref><horizsys><cordsysn><geogcsn Sync="TRUE">GCS_South_American_1969</geogcsn><projcsn Sync="TRUE">SAD_1969_UTM_Zone_22S</projcsn></cordsysn><planar><mapproj><mapprojn Sync="TRUE">Transverse Mercator</mapprojn><transmer><sfctrmer Sync="TRUE">0.999600</sfctrmer><longcm Sync="TRUE">-51.000000</longcm><latprjo Sync="TRUE">0.000000</latprjo><feast Sync="TRUE">500000.000000</feast><fnorth Sync="TRUE">10000000.000000</fnorth></transmer></mapproj><planci><plance Sync="TRUE">coordinate pair</plance><plandu Sync="TRUE">meters</plandu><coordrep><absres Sync="TRUE">0.000100</absres><ordres Sync="TRUE">0.000100</ordres></coordrep></planci></planar><geodetic><horizdn Sync="TRUE">D_South_American_1969</horizdn><ellips Sync="TRUE">GRS_1967_Truncated</ellips><semiaxis Sync="TRUE">6378160.000000</semiaxis><denflat Sync="TRUE">298.250000</denflat></geodetic></horizsys><vertdef><altsys><altenc Sync="TRUE">Explicit elevation coordinate included with horizontal coordinates</altenc><altres Sync="TRUE">1.000000</altres></altsys></vertdef></spref><refSysInfo><RefSystem><refSysID><identCode Sync="TRUE">SAD_1969_UTM_Zone_22S</identCode></refSysID></RefSystem></refSysInfo><spatRepInfo><VectSpatRep><topLvl><TopoLevCd Sync="TRUE" value="001"></TopoLevCd></topLvl><geometObjs Name="GIS.PVG_VALORES"><geoObjTyp><GeoObjTypCd Sync="TRUE" value="004"></GeoObjTypCd></geoObjTyp><geoObjCnt Sync="TRUE">0</geoObjCnt></geometObjs></VectSpatRep></spatRepInfo><eainfo><detailed Name="GIS.PVG_VALORES"><enttyp><enttypl Sync="TRUE">GIS.PVG_VALORES</enttypl><enttypt Sync="TRUE">Feature Class</enttypt><enttypc Sync="TRUE">0</enttypc></enttyp><attr><attrlabl Sync="TRUE">OBJECTID_1</attrlabl><attalias Sync="TRUE">OBJECTID_1</attalias><attrtype Sync="TRUE">OID</attrtype><attwidth Sync="TRUE">4</attwidth><atprecis Sync="TRUE">10</atprecis><attscale Sync="TRUE">0</attscale><attrdef Sync="TRUE">Internal feature number.</attrdef><attrdefs Sync="TRUE">ESRI</attrdefs><attrdomv><udom Sync="TRUE">Sequential unique whole numbers that are automatically generated.</udom></attrdomv></attr><attr><attrlabl Sync="TRUE">OBJECTID</attrlabl><attalias Sync="TRUE">OBJECTID</attalias><attrtype Sync="TRUE">Integer</attrtype><attwidth Sync="TRUE">4</attwidth><atprecis Sync="TRUE">9</atprecis><attscale Sync="TRUE">0</attscale></attr><attr><attrlabl Sync="TRUE">INDFISCAL</attrlabl><attalias Sync="TRUE">INDFISCAL</attalias><attrtype Sync="TRUE">String</attrtype><attwidth Sync="TRUE">8</attwidth><atprecis Sync="TRUE">0</atprecis><attscale Sync="TRUE">0</attscale></attr><attr><attrlabl Sync="TRUE">INSC_IMOB</attrlabl><attalias Sync="TRUE">INSC_IMOB</attalias><attrtype Sync="TRUE">String</attrtype><attwidth Sync="TRUE">13</attwidth><atprecis Sync="TRUE">0</atprecis><attscale Sync="TRUE">0</attscale></attr><attr><attrlabl Sync="TRUE">CD_LOTEGTM</attrlabl><attalias Sync="TRUE">CD_LOTEGTM</attalias><attrtype Sync="TRUE">Double</attrtype><attwidth Sync="TRUE">8</attwidth><atprecis Sync="TRUE">19</atprecis><attscale Sync="TRUE">11</attscale></attr><attr><attrlabl Sync="TRUE">CD_LOGRAD</attrlabl><attalias Sync="TRUE">CD_LOGRAD</attalias><attrtype Sync="TRUE">String</attrtype><attwidth Sync="TRUE">10</attwidth><atprecis Sync="TRUE">0</atprecis><attscale Sync="TRUE">0</attscale></attr><attr><attrlabl Sync="TRUE">NM_LOGRAD</attrlabl><attalias Sync="TRUE">NM_LOGRAD</attalias><attrtype Sync="TRUE">String</attrtype><attwidth Sync="TRUE">100</attwidth><atprecis Sync="TRUE">0</atprecis><attscale Sync="TRUE">0</attscale></attr><attr><attrlabl Sync="TRUE">NUMPREDIAL</attrlabl><attalias Sync="TRUE">NUMPREDIAL</attalias><attrtype Sync="TRUE">String</attrtype><attwidth Sync="TRUE">6</attwidth><atprecis Sync="TRUE">0</atprecis><attscale Sync="TRUE">0</attscale></attr><attr><attrlabl Sync="TRUE">WKTR</attrlabl><attalias Sync="TRUE">WKTR</attalias><attrtype Sync="TRUE">String</attrtype><attwidth Sync="TRUE">50</attwidth><atprecis Sync="TRUE">0</atprecis><attscale Sync="TRUE">0</attscale></attr><attr><attrlabl Sync="TRUE">V2002</attrlabl><attalias Sync="TRUE">V2002</attalias><attrtype Sync="TRUE">Double</attrtype><attwidth Sync="TRUE">8</attwidth><atprecis Sync="TRUE">19</atprecis><attscale Sync="TRUE">11</attscale></attr><attr><attrlabl Sync="TRUE">V2003</attrlabl><attalias Sync="TRUE">V2003</attalias><attrtype Sync="TRUE">Double</attrtype><attwidth Sync="TRUE">8</attwidth><atprecis Sync="TRUE">19</atprecis><attscale Sync="TRUE">11</attscale></attr><attr><attrlabl Sync="TRUE">V2004</attrlabl><attalias Sync="TRUE">V2004</attalias><attrtype Sync="TRUE">Double</attrtype><attwidth Sync="TRUE">8</attwidth><atprecis Sync="TRUE">19</atprecis><attscale Sync="TRUE">11</attscale></attr><attr><attrlabl Sync="TRUE">V2005</attrlabl><attalias Sync="TRUE">V2005</attalias><attrtype Sync="TRUE">Double</attrtype><attwidth Sync="TRUE">8</attwidth><atprecis Sync="TRUE">19</atprecis><attscale Sync="TRUE">11</attscale></attr><attr><attrlabl Sync="TRUE">V2006</attrlabl><attalias Sync="TRUE">V2006</attalias><attrtype Sync="TRUE">Double</attrtype><attwidth Sync="TRUE">8</attwidth><atprecis Sync="TRUE">19</atprecis><attscale Sync="TRUE">11</attscale></attr><attr><attrlabl Sync="TRUE">V2007</attrlabl><attalias Sync="TRUE">V2007</attalias><attrtype Sync="TRUE">Double</attrtype><attwidth Sync="TRUE">8</attwidth><atprecis Sync="TRUE">19</atprecis><attscale Sync="TRUE">11</attscale></attr><attr><attrlabl Sync="TRUE">V2008</attrlabl><attalias Sync="TRUE">V2008</attalias><attrtype Sync="TRUE">Double</attrtype><attwidth Sync="TRUE">8</attwidth><atprecis Sync="TRUE">19</atprecis><attscale Sync="TRUE">11</attscale></attr><attr><attrlabl Sync="TRUE">V2009</attrlabl><attalias Sync="TRUE">V2009</attalias><attrtype Sync="TRUE">Double</attrtype><attwidth Sync="TRUE">8</attwidth><atprecis Sync="TRUE">19</atprecis><attscale Sync="TRUE">11</attscale></attr><attr><attrlabl Sync="TRUE">V2010</attrlabl><attalias Sync="TRUE">V2010</attalias><attrtype Sync="TRUE">Double</attrtype><attwidth Sync="TRUE">8</attwidth><atprecis Sync="TRUE">19</atprecis><attscale Sync="TRUE">11</attscale></attr><attr><attrlabl Sync="TRUE">V2011</attrlabl><attalias Sync="TRUE">V2011</attalias><attrtype Sync="TRUE">Double</attrtype><attwidth Sync="TRUE">8</attwidth><atprecis Sync="TRUE">19</atprecis><attscale Sync="TRUE">11</attscale></attr><attr><attrlabl Sync="TRUE">V2012</attrlabl><attalias Sync="TRUE">V2012</attalias><attrtype Sync="TRUE">Double</attrtype><attwidth Sync="TRUE">8</attwidth><atprecis Sync="TRUE">19</atprecis><attscale Sync="TRUE">11</attscale></attr><attr><attrlabl Sync="TRUE">V2013</attrlabl><attalias Sync="TRUE">V2013</attalias><attrtype Sync="TRUE">Double</attrtype><attwidth Sync="TRUE">8</attwidth><atprecis Sync="TRUE">19</atprecis><attscale Sync="TRUE">11</attscale></attr><attr><attrlabl Sync="TRUE">V2014</attrlabl><attalias Sync="TRUE">V2014</attalias><attrtype Sync="TRUE">Double</attrtype><attwidth Sync="TRUE">8</attwidth><atprecis Sync="TRUE">19</atprecis><attscale Sync="TRUE">11</attscale></attr><attr><attrlabl Sync="TRUE">V2015</attrlabl><attalias Sync="TRUE">V2015</attalias><attrtype Sync="TRUE">Double</attrtype><attwidth Sync="TRUE">8</attwidth><atprecis Sync="TRUE">19</atprecis><attscale Sync="TRUE">11</attscale></attr><attr><attrlabl Sync="TRUE">V2016</attrlabl><attalias Sync="TRUE">V2016</attalias><attrtype Sync="TRUE">Double</attrtype><attwidth Sync="TRUE">8</attwidth><atprecis Sync="TRUE">19</atprecis><attscale Sync="TRUE">11</attscale></attr><attr><attrlabl Sync="TRUE">V2017</attrlabl><attalias Sync="TRUE">V2017</attalias><attrtype Sync="TRUE">Double</attrtype><attwidth Sync="TRUE">8</attwidth><atprecis Sync="TRUE">19</atprecis><attscale Sync="TRUE">11</attscale></attr><attr><attrlabl Sync="TRUE">COORD_X</attrlabl><attalias Sync="TRUE">COORD_X</attalias><attrtype Sync="TRUE">Double</attrtype><attwidth Sync="TRUE">8</attwidth><atprecis Sync="TRUE">19</atprecis><attscale Sync="TRUE">11</attscale></attr><attr><attrlabl Sync="TRUE">COORD_Y</attrlabl><attalias Sync="TRUE">COORD_Y</attalias><attrtype Sync="TRUE">Double</attrtype><attwidth Sync="TRUE">8</attwidth><atprecis Sync="TRUE">19</atprecis><attscale Sync="TRUE">11</attscale></attr><attr><attrlabl Sync="TRUE">SHAPE</attrlabl><attalias Sync="TRUE">Shape</attalias><attrtype Sync="TRUE">Geometry</attrtype><attwidth Sync="TRUE">4</attwidth><atprecis Sync="TRUE">0</atprecis><attscale Sync="TRUE">0</attscale><attrdef Sync="TRUE">Feature geometry.</attrdef><attrdefs Sync="TRUE">ESRI</attrdefs><attrdomv><udom Sync="TRUE">Coordinates defining the features.</udom></attrdomv></attr></detailed></eainfo><mdDateSt Sync="TRUE">20190222</mdDateSt><dataqual><lineage><procstep><procdesc Sync="TRUE">Dataset copied.</procdesc><srcused Sync="TRUE">Server=172.19.201.76; Service=5151; User=geo; Version=SDE.DEFAULT</srcused><date Sync="TRUE">20190422</date><time Sync="TRUE">09083000</time></procstep></lineage></dataqual></metadata>
